food_name,meal_type,calories,protein,carbs,fat,vegetarian,vegan
Oatmeal with Almond Milk & Berries,Breakfast,320,12,54,6,1,1
Scrambled Eggs with Spinach & Toast,Breakfast,380,24,28,18,1,0
Greek Yogurt Bowl with Honey & Nuts,Breakfast,290,20,30,9,1,0
Paneer Paratha with Curd,Breakfast,420,16,48,18,1,0
Chicken & Egg White Wrap,Breakfast,410,35,32,12,0,0
Protein Smoothie (Banana & Peanut Butter),Snack,280,22,34,8,1,0
Handful of Mixed Almonds & Walnuts,Snack,180,6,6,15,1,1
Apple with Peanut Butter,Snack,200,4,28,9,1,1
Roasted Chana (Chickpeas),Snack,160,9,26,3,1,1
Boiled Eggs (2 whole),Snack,140,12,1,10,1,0
Grilled Chicken Breast with Brown Rice & Broccoli,Lunch,520,48,50,10,0,0
Dal Tadka with Jeera Rice & Salad,Lunch,430,15,68,10,1,1
Paneer Tikka with Quinoa & Stir-fry Veggies,Lunch,480,26,42,22,1,0
Tofu & Vegetable Stir-Fry with Brown Rice,Lunch,410,22,52,12,1,1
Fish Curry with Steamed Rice,Lunch,490,38,52,12,0,0
Rice Cakes with Peanut Butter & Banana,Pre-Workout,210,6,36,6,1,1
Black Coffee with Rice Crisp Bar,Pre-Workout,120,2,24,2,1,1
Boiled Sweet Potato,Pre-Workout,150,2,35,0,1,1
Grilled Salmon with Asparagus & Sweet Potato,Dinner,540,42,38,20,0,0
Palak Paneer with Roti (2 pcs),Dinner,460,22,45,20,1,0
Soya Chunk Curry with Brown Rice,Dinner,440,36,50,8,1,1
Chicken Curry with Chapati (2 pcs),Dinner,510,40,42,16,0,0
Lentil Soup with Roasted Vegetables,Dinner,350,18,52,6,1,1